{
	"credit": "Made with Blockbench",
	"texture_size": [56, 42],
	"textures": {
		"0": "embers:block/smiths_anvil",
		"particle": "embers:block/smiths_anvil"
	},
	"elements": [
		{
			"from": [3, 10, 0],
			"to": [13, 16, 16],
			"faces": {
				"north": {"uv": [0, 13.71429, 4, 16], "texture": "#0"},
				"east": {"uv": [0, 13.71429, 4, 16], "texture": "#0"},
				"south": {"uv": [0, 13.71429, 4, 16], "texture": "#0"},
				"west": {"uv": [0, 13.71429, 4, 16], "texture": "#0"},
				"up": {"uv": [2.28571, 10.66667, 6.85714, 13.71429], "rotation": 90, "texture": "#0"},
				"down": {"uv": [6.85714, 10.66667, 11.42857, 13.71429], "rotation": 90, "texture": "#0"}
			}
		},
		{
			"from": [5, 5, 2],
			"to": [11, 10, 14],
			"faces": {
				"north": {"uv": [7.42857, 8.7619, 9.14286, 10.66667], "texture": "#0"},
				"east": {"uv": [0, 8.7619, 4.28572, 10.66667], "texture": "#0"},
				"south": {"uv": [7.42857, 8.7619, 9.14286, 10.66667], "texture": "#0"},
				"west": {"uv": [0, 8.7619, 4.28572, 10.66667], "texture": "#0"},
				"up": {"uv": [2.28571, 10.57143, 6.57143, 13.57143], "texture": "#0"},
				"down": {"uv": [2.28571, 10.57143, 6.57143, 13.57143], "texture": "#0"}
			}
		},
		{
			"from": [4, 0, 1],
			"to": [12, 5, 15],
			"faces": {
				"north": {"uv": [11.42857, 4.57143, 14.85714, 6.47619], "texture": "#0"},
				"east": {"uv": [7.42857, 4.57143, 11.42857, 6.47619], "texture": "#0"},
				"south": {"uv": [0, 4.57143, 3.42857, 6.47619], "texture": "#0"},
				"west": {"uv": [3.42857, 4.57143, 7.42857, 6.47619], "texture": "#0"},
				"up": {"uv": [3.42857, 0, 7.42857, 4.57143], "texture": "#0"},
				"down": {"uv": [7.42857, 0, 11.42857, 4.57143], "texture": "#0"}
			}
		}
	],
	"display": {
		"thirdperson_righthand": {
			"rotation": [75, 45, 0],
			"translation": [0, 2.5, 0],
			"scale": [0.375, 0.375, 0.375]
		},
		"thirdperson_lefthand": {
			"rotation": [75, 45, 0],
			"translation": [0, 2.5, 0],
			"scale": [0.375, 0.375, 0.375]
		},
		"firstperson_righthand": {
			"rotation": [0, 45, 0],
			"scale": [0.4, 0.4, 0.4]
		},
		"firstperson_lefthand": {
			"rotation": [0, 225, 0],
			"scale": [0.4, 0.4, 0.4]
		},
		"ground": {
			"translation": [0, 3, 0],
			"scale": [0.25, 0.25, 0.25]
		},
		"gui": {
			"rotation": [30, 225, 0],
			"scale": [0.625, 0.625, 0.625]
		},
		"fixed": {
			"scale": [0.5, 0.5, 0.5]
		}
	}
}